energy,area,delay,mult
194,51,0.086316,854.010504
203,52,0.084722,894.325432
200,30,0.083625,501.75
284,1521,0.084149,36349.338636
580,41,0.154665,3677.9337
219,9,0.172418,339.835878
416,18,0.162747,1218.649536
434,15,0.171081,1113.73731
421,33,0.164956,2291.733708
789,62,0.166376,8138.781168
773,62,0.162433,7784.763958
413,33,0.160936,2193.396744
426,33,0.159998,2249.251884
586,41,0.15728,3778.80928
587,61,0.155949,5584.065843
613,46,0.154665,4361.24367
322,24,0.15527,1199.92656
