energy,area,delay,mult
115,50,0.117785,677.26375
123,52,0.057998,370.955208
326,35,0.058372,666.02452
326,35,0.11778,1343.8698
159,8,0.11778,149.81616
311,18,0.123298,690.222204
311,15,0.118993,555.102345
314,24,0.118341,891.817776
312,25,0.117848,919.2144
327,18,0.117815,693.45909
457,30,0.117868,1615.97028
325,25,0.117785,957.003125
555,51,0.117785,3333.904425
325,32,0.11778,1224.912
